{"cameraMode":{"drawMode":0,"name":"Shaded","section":"Shading Mode"},"sceneLighting":true,"audioPlay":false,"sceneViewState":{"m_AlwaysRefresh":false,"showFog":true,"showSkybox":true,"showFlares":true,"showImageEffects":true,"showParticleSystems":true,"showVisualEffectGraphs":true,"m_FxEnabled":false},"in2DMode":false,"pivot":{"x":-1.7721445560455323,"y":16.454437255859376,"z":1.1082415580749512},"rotation":{"x":0.17639261484146119,"y":0.004424998536705971,"z":-0.0007933087763376534,"w":0.9843836426734924},"size":0.8660253882408142,"orthographic":false}