{"cameraMode":{"drawMode":0,"name":"Shaded","section":"Shading Mode"},"sceneLighting":true,"audioPlay":false,"sceneViewState":{"m_AlwaysRefresh":false,"showFog":true,"showSkybox":true,"showFlares":true,"showImageEffects":true,"showParticleSystems":true,"showVisualEffectGraphs":true,"m_FxEnabled":false},"in2DMode":false,"pivot":{"x":-0.981331467628479,"y":3.0338761806488039,"z":22.5086669921875},"rotation":{"x":0.005032180342823267,"y":0.9754963517189026,"z":-0.2189684361219406,"w":0.022235814481973649},"size":0.7898368239402771,"orthographic":false}