{"cameraMode":{"drawMode":0,"name":"Shaded","section":"Shading Mode"},"sceneLighting":true,"audioPlay":false,"sceneViewState":{"m_AlwaysRefresh":false,"showFog":true,"showSkybox":true,"showFlares":true,"showImageEffects":true,"showParticleSystems":true,"showVisualEffectGraphs":true,"m_FxEnabled":false},"in2DMode":false,"pivot":{"x":-6.303130626678467,"y":15.863086700439454,"z":-50.796897888183597},"rotation":{"x":0.12439785152673722,"y":-0.03868710994720459,"z":0.004920317325741053,"w":0.9915410280227661},"size":0.8660253882408142,"orthographic":false}