{"cameraMode":{"drawMode":0,"name":"Shaded","section":"Shading Mode"},"sceneLighting":true,"audioPlay":false,"sceneViewState":{"m_AlwaysRefresh":false,"showFog":true,"showSkybox":true,"showFlares":true,"showImageEffects":true,"showParticleSystems":true,"showVisualEffectGraphs":true,"m_FxEnabled":false},"in2DMode":false,"pivot":{"x":0.40633612871170046,"y":18.471702575683595,"z":-6.538403034210205},"rotation":{"x":0.4242851734161377,"y":0.023094212636351587,"z":-0.010794787667691708,"w":0.90520179271698},"size":0.7898368239402771,"orthographic":false}