{"cameraMode":{"drawMode":0,"name":"Shaded","section":"Shading Mode"},"sceneLighting":true,"audioPlay":false,"sceneViewState":{"m_AlwaysRefresh":false,"showFog":true,"showSkybox":true,"showFlares":true,"showImageEffects":true,"showParticleSystems":true,"showVisualEffectGraphs":true,"m_FxEnabled":false},"in2DMode":false,"pivot":{"x":1.1710660457611085,"y":6.511818885803223,"z":3.0526700019836427},"rotation":{"x":0.3233686685562134,"y":0.14401373267173768,"z":-0.0498829148709774,"w":0.9339883327484131},"size":2.2655556201934816,"orthographic":false}