{"cameraMode":{"drawMode":0,"name":"Shaded","section":"Shading Mode"},"sceneLighting":true,"audioPlay":false,"sceneViewState":{"m_AlwaysRefresh":false,"showFog":true,"showSkybox":true,"showFlares":true,"showImageEffects":true,"showParticleSystems":true,"showVisualEffectGraphs":true,"m_FxEnabled":false},"in2DMode":false,"pivot":{"x":-0.38187938928604128,"y":3.373774766921997,"z":5.926767826080322},"rotation":{"x":-0.0036304278764873745,"y":-0.9067582488059998,"z":0.42169874906539919,"w":-0.007918030954897404},"size":1.9019912481307984,"orthographic":false}